2;3083;0;3;4;7;9;125;12;12;1;13;4;202;0;positive
1;5867;446;3;4;8;10;304;12;12;6;13;4;43;560;positive
1;245;5;3;4;8;10;15;12;13;0;13;4;280;824;positive
2;2783;154;3;4;7;9;375;12;12;5;12;4;100;3;positive
2;2017;5625;3;4;7;9;171;12;13;0;13;14;120;0;positive
2;3208;4;3;4;11;9;25;12;13;0;12;4;360;0;positive
2;3317;104;3;4;19;10;65;12;13;0;12;4;164;31285;positive
1;2292;11585;3;4;17;9;4;12;13;0;13;4;80;1349;positive
2;5442;5;6;5;16;10;396;12;13;0;13;4;180;314;positive
2;425;4915;6;5;7;9;3165;12;13;0;12;4;52;1442;positive
2;2208;83;3;4;18;10;2165;13;13;0;12;4;128;0;positive
2;2992;1835;3;4;18;10;4335;12;13;0;13;4;260;200;positive
1;3825;6;3;4;16;9;1;12;13;0;12;4;0;0;positive
2;4808;604;3;4;16;9;4;13;13;0;13;4;0;2690;positive
1;4583;105;3;4;8;9;5;12;12;7;12;4;0;0;positive
2;3667;4415;6;5;16;9;25;12;12;10;12;4;320;0;positive
2;2825;875;3;4;11;9;96;12;12;3;12;4;396;0;positive
1;2325;5875;3;4;8;9;317;12;12;10;13;4;120;245;positive
2;2183;25;3;4;15;10;665;12;13;0;12;4;0;0;positive
1;1917;8585;3;4;17;10;75;12;12;7;13;4;96;0;positive
2;25;1125;3;4;18;9;25;12;12;17;13;4;200;1208;positive
2;2325;1;3;4;18;9;835;12;13;0;13;14;300;0;positive
1;4775;8;3;4;18;9;7875;12;12;6;12;4;0;1260;positive
1;2742;145;3;4;20;10;3085;12;12;1;13;4;120;11;positive
1;4117;65;3;4;8;9;5;12;12;3;12;4;145;0;positive
1;1583;585;3;4;18;10;15;12;12;2;13;4;100;0;positive
1;47;13;3;4;23;22;5165;12;12;9;12;4;0;0;positive
2;5658;185;3;4;15;22;15;12;12;17;12;4;0;0;positive
2;5742;85;3;4;24;10;7;12;12;3;13;4;0;0;positive
2;4208;104;3;4;7;9;5;12;12;6;12;4;500;10000;positive
2;2925;1479;3;4;11;9;504;12;12;5;12;4;168;0;positive
2;42;979;3;4;20;10;796;12;12;8;13;4;0;0;positive
2;495;7585;3;4;23;22;7585;12;12;15;12;4;0;5000;positive
1;3675;5125;3;4;24;9;5;12;13;0;12;4;0;4000;positive
1;2258;1075;3;4;8;9;415;12;12;5;12;4;0;560;positive
2;2783;15;3;4;7;9;2;12;12;11;12;4;434;35;positive
2;2725;1585;3;4;17;10;1835;12;12;12;12;4;583;713;positive
1;23;1175;3;4;20;10;5;12;12;2;12;4;300;551;positive
2;2775;585;6;5;17;9;25;12;12;2;13;4;260;500;positive
2;5458;9415;3;4;1313;1313;14415;12;12;11;12;4;30;300;positive
2;3417;917;3;4;18;9;45;12;12;12;12;4;0;221;positive
2;2892;15;3;4;18;10;5335;12;12;11;13;4;0;2283;positive
2;2967;1415;3;4;7;10;75;12;12;1;13;4;240;100;positive
2;3958;13915;3;4;7;9;8625;12;12;6;12;4;70;0;positive
2;5642;28;6;5;18;9;285;12;12;40;13;4;0;15;positive
2;5433;675;3;4;18;10;2625;12;12;11;12;4;0;284;positive
1;41;204;6;5;8;10;125;12;12;23;12;4;455;1236;positive
2;3192;446;3;4;17;10;604;12;12;3;13;4;311;300;positive
2;415;154;3;4;23;22;35;13;13;0;13;4;216;0;positive
2;2392;665;3;4;18;9;165;13;13;0;13;4;100;0;positive
1;2575;5;3;4;18;10;875;12;13;0;12;4;491;0;positive
2;26;1;3;4;8;9;175;12;13;0;12;4;280;0;positive
2;3742;204;3;4;7;9;4;12;13;0;12;4;400;5800;positive
2;3492;25;3;4;7;9;0;12;13;0;12;4;239;200;positive
2;3425;3;3;4;17;10;7415;12;13;0;12;4;0;0;positive
2;2333;11625;6;5;7;9;835;12;13;0;12;4;160;300;positive
2;2317;0;3;4;17;9;85;12;13;0;13;4;0;0;positive
2;4433;5;3;4;23;10;5;12;13;0;12;4;320;0;positive
2;3517;45;3;4;20;10;575;13;13;0;12;14;711;0;positive
2;4325;3;3;4;8;10;6;12;12;11;13;4;80;0;positive
2;5675;1225;3;4;11;9;125;12;12;4;12;4;200;0;positive
2;3167;16165;3;4;15;9;3;12;12;9;13;4;250;730;positive
1;2342;79;6;5;8;9;15;12;12;2;12;4;80;400;positive
1;2042;835;3;4;8;9;1585;12;12;1;13;4;0;0;positive
2;2667;425;3;4;17;9;429;12;12;1;12;4;120;0;positive
2;3417;154;3;4;17;9;154;12;12;1;12;4;520;50000;positive
1;36;1;3;4;18;9;2;12;12;11;13;4;0;456;positive
2;255;375;3;4;11;9;25;12;12;3;13;4;260;15108;positive
2;1942;65;3;4;7;10;146;12;12;7;13;4;80;2954;positive
2;3517;25125;3;4;20;10;1625;12;12;1;12;4;515;500;positive
2;3233;75;3;4;24;22;1585;12;13;0;12;14;420;0;negative
2;3483;4;3;4;15;22;125;12;13;0;12;4;31;0;negative
1;3858;5;3;4;17;9;135;12;13;0;12;4;980;0;negative
2;4425;5;3;4;11;9;1075;12;13;0;13;14;400;0;negative
2;4483;7;6;5;18;9;1625;13;13;0;13;4;160;2;negative
2;2067;529;3;4;8;9;375;12;12;1;13;4;160;0;negative
2;3408;65;3;4;11;9;125;12;13;0;12;4;443;0;negative
1;1917;585;6;5;11;9;585;12;13;0;12;4;160;0;negative
2;2167;1165;6;5;16;9;25;12;12;1;13;4;180;20;negative
2;215;975;3;4;18;9;25;12;13;0;13;4;140;0;negative
2;4958;19;3;4;1313;1313;0;12;12;1;13;4;94;0;negative
1;2767;15;3;4;11;9;2;12;13;0;13;14;368;0;negative
2;3983;5;3;4;11;9;25;12;13;0;13;14;288;0;negative
1;31;35;3;4;15;9;3;12;13;0;12;4;300;0;negative
2;2725;625;3;4;11;9;455;12;13;0;12;4;200;0;negative
2;3717;4;3;4;18;22;5;12;13;0;12;14;280;0;negative
2;31;375;3;4;15;9;875;12;13;0;12;14;928;0;negative
2;2567;221;6;5;11;9;4;12;13;0;13;4;188;0;negative
2;34;45;3;4;11;9;1;12;13;0;12;4;240;0;negative
1;49;15;3;4;22;22;0;12;13;0;12;4;100;27;negative
2;625;1275;6;5;18;10;5;12;13;0;13;4;112;0;negative
2;3142;155;3;4;18;9;5;12;13;0;13;4;120;0;negative
2;31;5;6;5;11;9;85;12;13;0;13;4;0;0;negative
2;5233;1375;6;5;18;10;946;12;13;0;12;4;200;100;negative
2;2875;15;6;5;18;9;15;12;13;0;12;4;0;225;negative
1;2858;354;3;4;23;22;5;12;13;0;12;4;171;0;negative
2;23;625;6;5;11;9;125;12;13;0;13;4;180;1;negative
2;31;5;3;4;18;22;835;12;13;0;12;14;320;0;negative
1;225;11;6;5;8;9;3;12;13;0;12;4;268;0;negative
1;285;1;3;4;8;9;1;12;12;2;12;4;167;500;negative
2;375;175;6;5;18;22;25;12;13;0;12;4;164;400;negative
2;3525;165;6;5;18;9;4;12;13;0;13;4;80;0;negative
2;1867;5;3;4;8;9;375;12;12;2;13;4;0;38;negative
2;25;12;3;4;16;9;225;12;12;2;12;4;120;5;negative
2;2783;4;6;5;23;10;575;12;12;2;12;4;75;0;negative
2;5483;155;3;4;24;21;0;12;12;20;13;4;152;130;negative
2;2875;1165;3;4;16;9;5;12;13;0;13;14;280;0;negative
1;25;11;6;5;11;9;45;12;13;0;13;4;120;0;negative
2;4092;225;6;5;20;10;10;12;13;0;12;4;176;0;negative
1;1975;75;3;4;18;9;795;12;12;5;12;4;140;5;negative
2;2917;35;3;4;7;9;35;12;12;3;12;4;329;0;negative
1;245;104;6;5;1313;1313;5;12;12;3;13;4;180;147;negative
2;2458;125;3;4;7;9;875;12;13;0;12;4;260;0;negative
1;3375;75;3;4;16;22;1;12;12;3;12;4;212;0;negative
2;2067;125;6;5;18;10;1375;12;12;3;12;4;140;210;negative
1;2542;1125;3;4;8;9;129;12;12;2;13;4;200;0;negative
2;3775;7;3;4;8;10;115;12;12;7;12;4;300;5;negative
2;525;65;3;4;16;9;629;12;12;15;13;4;0;11202;positive
2;5783;704;3;4;11;9;14;12;12;6;12;4;360;1332;positive
1;2075;10335;3;4;17;10;335;12;12;1;12;4;80;50;positive
2;3992;621;3;4;8;9;4;12;12;1;13;4;200;300;positive
2;2567;125;3;4;17;9;121;12;12;67;12;4;140;258;positive
1;2475;125;3;4;11;9;15;12;12;12;12;4;120;567;positive
1;4417;6665;3;4;8;9;7375;12;12;3;12;4;0;0;positive
1;235;9;3;4;8;9;85;12;12;5;12;4;120;0;positive
2;3492;5;3;4;20;10;75;12;12;6;12;4;0;1000;positive
2;4767;25;3;4;11;22;25;12;12;12;12;4;410;2510;positive
2;2275;11;3;4;8;9;25;12;12;7;12;4;100;809;positive
2;3442;425;3;4;23;22;325;12;12;2;13;4;274;610;positive
1;2842;35;3;4;7;9;835;12;13;0;13;14;280;0;positive
2;6775;55;3;4;24;21;13;12;12;1;12;4;0;0;positive
2;2042;1835;3;4;18;9;225;12;12;1;13;4;100;150;positive
1;4742;8;3;4;24;22;65;12;12;6;13;4;375;51100;positive
2;3625;5;3;4;18;22;25;12;12;6;13;4;0;367;positive
2;3267;55;3;4;8;10;55;12;12;12;12;4;408;1000;positive
2;4858;65;3;4;8;10;6;12;13;0;12;4;350;0;positive
2;3992;54;6;5;11;9;5;12;12;3;13;4;200;1000;positive
2;3358;275;3;4;11;9;425;12;12;6;13;4;204;0;positive
1;1883;95;3;4;7;9;1625;12;12;6;12;4;40;600;positive
1;2692;135;3;4;8;10;5;12;12;2;13;4;0;5000;positive
1;3125;375;3;4;17;10;625;12;12;9;12;4;181;0;positive
1;565;16;3;4;22;1313;0;12;12;15;13;4;0;247;positive
2;43;29;6;5;17;10;175;12;12;8;13;4;100;375;positive
2;2233;11;3;4;7;9;2;12;12;1;13;4;80;278;positive
2;2725;1665;3;4;17;10;5085;12;12;9;13;4;399;827;positive
2;3283;25;3;4;17;10;275;12;12;6;13;4;160;2072;positive
2;2325;15;3;4;8;9;2375;12;12;3;12;4;0;582;positive
1;4033;754;6;5;8;10;8;12;12;14;13;4;0;2300;positive
1;305;65;3;4;18;22;4;12;12;7;12;4;0;3065;positive
1;5283;15;3;4;18;9;55;12;12;14;13;4;0;2200;positive
1;4667;46;3;4;17;10;415;12;12;11;12;4;440;6;positive
1;5833;10;3;4;8;9;4;12;12;14;13;4;0;1602;positive
2;3733;65;3;4;11;10;425;12;12;12;12;4;93;0;positive
2;2308;25;3;4;18;9;1085;12;12;11;12;4;60;2184;positive
2;3275;15;3;4;17;10;55;12;12;3;12;4;0;0;positive
1;2167;115;6;5;22;22;0;12;12;11;12;4;0;0;positive
1;285;304;6;5;20;10;254;12;12;1;13;4;70;0;positive
1;6867;15;3;4;24;21;0;12;12;14;13;4;0;3376;positive
2;28;2;3;4;16;10;4165;12;12;2;12;4;181;0;positive
2;3408;8;6;5;11;22;4;12;12;1;12;4;280;2000;positive
2;2767;2;3;4;20;10;1;12;12;4;13;4;140;7544;positive
2;44;2;3;4;11;9;175;12;12;2;12;4;0;15;positive
2;2508;171;3;4;20;9;1665;12;12;1;12;4;395;20;positive
2;32;175;6;5;24;10;4;12;13;0;12;4;393;0;positive
1;6058;165;3;4;8;9;11;12;13;0;12;4;21;10561;positive
1;4083;10;3;4;8;10;175;12;13;0;13;4;29;837;positive
2;1933;95;3;4;8;9;1;12;13;0;12;4;60;400;positive
1;3233;54;3;4;17;9;4;12;13;0;13;4;440;11177;positive
2;3667;325;3;4;8;10;9;12;13;0;12;4;102;639;positive
2;375;1125;6;5;15;9;15;13;13;0;12;4;431;0;positive
1;2508;254;6;5;11;9;25;12;13;0;12;4;370;0;positive
2;4133;0;3;4;18;22;15;12;13;0;13;4;0;0;positive
2;56;125;3;4;16;10;8;12;13;0;12;4;24;2028;positive
1;4983;13585;3;4;16;10;85;12;13;0;12;4;0;0;positive
2;2267;105;3;4;8;10;1335;12;13;0;13;4;100;0;positive
2;27;15;6;5;7;9;375;12;13;0;12;4;260;1065;positive
2;25;125;3;4;11;9;3;12;13;0;12;14;20;0;positive
1;2608;8665;3;4;11;9;1415;12;13;0;13;4;160;150;positive
1;1842;925;3;4;8;9;121;12;12;4;13;4;60;540;positive
2;2017;817;3;4;11;9;196;12;12;14;13;4;60;158;positive
2;4767;29;3;4;18;22;15;12;12;20;13;4;0;15000;positive
1;2125;2335;3;4;23;22;5;12;12;4;13;14;80;0;positive
1;2067;3;3;4;8;9;165;12;12;3;13;4;100;6;positive
1;5708;195;3;4;18;9;55;12;12;7;13;4;0;3000;positive
1;2242;5665;3;4;8;9;2585;12;12;7;13;4;129;3257;positive
2;4875;85;3;4;18;10;125;12;12;9;13;4;181;1655;positive
2;40;65;3;4;11;22;35;12;12;1;13;4;0;500;positive
2;4058;5;3;4;18;9;5;12;12;7;13;4;0;3065;positive
1;2867;104;3;4;18;9;25;12;12;5;12;4;300;1430;positive
1;3308;4625;3;4;8;10;1625;12;12;2;13;4;0;0;positive
2;2133;105;3;4;18;9;3;12;13;0;12;4;0;0;positive
2;42;205;3;4;23;10;5125;12;13;0;13;4;400;0;positive
2;4175;96;3;4;20;9;25;12;13;0;13;4;510;600;positive
2;2267;1585;6;5;7;9;3085;12;12;6;13;4;80;0;positive
2;345;404;6;5;23;22;85;12;12;7;12;4;195;0;positive
2;2825;504;6;5;18;22;15;12;12;8;12;4;144;7;positive
2;3317;3165;6;5;20;9;3165;12;12;3;12;4;380;0;positive
2;4817;7625;3;4;7;10;155;12;12;12;13;4;0;790;positive
2;2758;204;6;5;11;9;2;12;12;3;12;4;370;560;positive
2;2258;1004;3;4;20;9;4;12;12;9;13;4;60;396;positive
1;2408;5;3;4;8;10;125;12;12;1;13;4;0;678;positive
1;4133;1;3;4;23;22;225;12;13;0;12;4;0;300;positive
2;2483;275;3;4;18;9;225;12;12;6;13;4;31;600;positive
1;2075;1025;3;4;8;9;71;12;12;2;12;4;49;0;positive
2;3633;2125;6;5;7;9;85;12;12;1;13;4;50;1187;positive
1;3542;12;3;4;8;10;14;12;12;8;13;4;0;6590;positive
1;7158;0;31;31;31;31;0;13;13;0;13;5;31;0;positive
2;2867;9335;3;4;8;10;5665;12;12;6;13;4;381;168;positive
2;3517;25;3;4;16;9;45;12;12;7;13;4;150;1270;positive
2;395;425;3;4;18;22;65;12;12;16;13;4;117;1210;positive
2;3933;5875;3;4;17;10;10;12;12;14;12;4;399;0;positive
2;2433;6625;6;5;15;9;55;12;13;0;12;14;100;0;positive
2;6008;145;3;4;1313;1313;18;12;12;15;12;4;0;1000;positive
2;2308;115;3;4;23;9;35;12;12;9;13;4;56;742;positive
2;2667;271;6;5;17;9;525;12;12;1;13;4;211;0;positive
2;4817;35;3;4;11;9;35;12;13;0;13;14;230;0;positive
2;4117;404;3;4;17;10;7;12;12;8;13;4;320;0;positive
2;5592;115;3;4;1313;1313;5;12;12;5;13;4;0;8851;positive
2;5392;9625;3;4;24;9;8665;12;12;5;13;4;0;0;positive
1;1892;925;6;5;18;9;1;12;12;4;12;4;80;500;positive
1;5008;1254;3;4;11;9;229;12;12;3;12;4;156;0;positive
2;6542;11;3;4;24;21;20;12;12;7;12;4;22;0;positive
1;1758;9;3;4;11;9;1375;12;13;0;12;4;0;0;positive
1;1883;954;3;4;11;9;85;12;13;0;13;4;100;0;positive
1;3775;55;3;4;8;9;125;12;13;0;12;4;228;0;positive
2;2325;4;3;4;18;22;25;12;13;0;12;4;160;0;positive
2;1808;55;3;4;16;9;5;12;13;0;13;4;80;0;positive
1;225;846;6;5;20;9;246;13;13;0;13;4;164;0;positive
2;1967;375;3;4;8;9;2;12;12;2;12;4;80;0;positive
2;2208;11;3;4;17;9;665;12;13;0;13;4;100;0;positive
2;2517;35;3;4;17;9;625;12;12;7;13;4;0;7059;positive
1;4742;3;3;4;20;9;13875;12;12;2;12;4;519;1704;positive
2;335;175;3;4;20;10;45;12;12;4;12;4;253;857;positive
2;2767;1375;3;4;7;9;575;12;13;0;12;4;487;500;positive
1;5842;21;3;4;23;22;10;12;12;13;13;4;0;6700;positive
1;2067;1835;3;4;8;9;2085;12;12;5;13;4;220;2503;positive
2;2617;25;3;4;23;22;0;12;13;0;12;4;0;0;positive
2;2133;75;3;4;11;9;1415;12;12;1;13;4;80;9800;positive
2;4283;4625;3;4;8;9;458;12;13;0;13;14;0;0;positive
2;3817;10125;3;4;20;9;25;12;12;6;13;4;520;196;positive
2;205;10;6;5;18;9;25;12;13;0;13;14;40;0;positive
2;4825;25085;3;4;7;9;175;12;12;3;13;4;120;14;positive
2;2833;5;3;4;7;9;11;12;13;0;12;4;70;0;positive
1;1875;75;3;4;8;9;271;12;12;5;13;4;31;26726;positive
2;185;2;3;4;23;9;15;12;12;2;13;4;120;300;positive
2;3317;304;6;5;18;10;204;12;12;1;12;4;180;18027;positive
2;45;85;3;4;17;10;14;12;12;1;12;4;88;2000;positive
1;1967;21;3;4;8;10;29;12;12;11;13;4;80;99;positive
31;245;1275;3;4;18;22;475;12;12;2;13;4;73;444;positive
2;2183;11;3;4;20;9;29;12;12;6;13;4;121;0;positive
2;4025;215;3;4;24;21;20;12;12;11;13;4;0;1200;positive
2;4142;5;3;4;8;10;5;12;12;6;12;4;470;0;positive
1;1783;11;3;4;20;10;1;12;12;11;13;4;0;3000;positive
2;2317;11125;3;4;20;10;46;12;12;1;13;4;100;0;positive
2;31;625;3;4;16;9;25;13;13;0;13;4;380;2010;negative
2;1817;1025;3;4;18;10;1085;13;13;0;13;4;320;13;negative
2;20;11045;3;4;18;9;2;13;13;0;12;4;136;0;negative
2;20;0;3;4;15;9;5;13;13;0;13;4;144;0;negative
1;2075;954;3;4;23;9;4;13;13;0;13;4;200;1000;negative
1;245;175;6;5;18;9;165;13;13;0;13;4;132;0;negative
2;3275;2335;3;4;15;10;575;13;13;0;12;4;292;0;negative
1;5217;0;6;5;1313;1313;0;13;13;0;13;4;0;0;negative
1;4817;1335;3;4;23;o;335;13;13;0;13;4;0;120;negative
1;2042;105;6;5;20;10;0;13;13;0;12;4;154;32;negative
2;5075;585;3;4;1313;1313;0;13;13;0;13;4;145;0;negative
2;1708;85;6;5;18;9;4;13;13;0;13;4;140;722;negative
2;1833;121;6;5;24;1515;0;13;13;0;13;4;100;0;negative
1;32;6;3;4;15;9;125;13;13;0;13;4;272;0;negative
2;5967;154;3;4;8;9;125;12;13;0;12;4;260;0;positive
2;18;165;3;4;8;n;21;13;13;0;13;4;200;40;positive
2;3758;0;31;31;31;31;0;13;13;0;13;5;31;0;positive
2;3233;25;3;4;18;9;125;13;13;0;12;4;280;0;negative
2;1808;675;6;5;11;9;4;13;13;0;13;4;140;0;negative
2;3825;10125;6;5;16;9;125;13;13;0;13;4;160;0;negative
2;3067;25;3;4;17;10;225;13;13;0;12;14;340;0;negative
2;1858;571;3;4;15;9;54;13;13;0;13;4;120;0;negative
1;1917;5415;3;4;23;10;29;13;13;0;13;4;80;484;negative
1;1817;10;6;5;8;10;165;13;13;0;13;4;340;0;negative
2;2458;135;6;5;1313;1313;0;13;13;0;13;4;31;0;negative
2;1625;835;3;4;11;9;85;12;13;0;13;14;200;0;negative
2;2117;875;6;5;18;10;25;13;13;0;13;4;280;204;negative
2;2392;585;6;5;17;10;125;13;13;0;13;4;240;1;negative
2;1767;446;3;4;18;9;25;13;13;0;13;14;80;0;negative
1;165;125;3;4;8;9;25;13;12;1;13;4;108;98;negative
2;2325;12625;3;4;18;9;125;13;12;2;13;4;0;5552;negative
2;1758;10;3;4;7;10;165;13;12;1;13;4;120;1;negative
1;31;15;3;4;1313;1313;0;13;12;2;12;4;200;105;negative
2;295;58;3;4;7;9;29;13;12;1;13;4;340;2803;negative
2;1883;415;6;5;18;9;165;13;12;1;13;4;200;1;negative
1;2175;175;6;5;22;22;0;13;13;0;13;4;160;0;negative
2;23;75;3;4;11;9;5;13;13;0;12;14;320;0;negative
1;1825;10;3;4;7;9;1;13;12;1;13;4;120;1;negative
2;2542;54;3;4;7;9;165;13;12;1;13;4;272;444;negative
2;3575;2415;3;4;7;9;125;13;12;2;13;4;220;1;negative
1;1608;335;3;4;1313;1313;0;13;12;1;13;4;160;126;negative
1;3192;3125;3;4;1313;1313;304;13;12;2;12;4;200;4;negative
2;6917;9;3;4;1313;1313;4;13;12;1;13;4;70;6;negative
2;3292;25;3;4;11;9;175;13;12;2;12;4;720;0;negative
2;1633;275;3;4;11;9;665;13;12;1;13;4;80;21;negative
2;2217;12125;3;4;18;9;3335;13;12;2;12;4;180;173;negative
1;5758;2;3;4;1313;1313;65;13;12;1;13;4;0;10;negative
2;1825;165;3;4;15;9;25;13;13;0;12;14;280;0;negative
2;2342;1;3;4;18;9;5;13;13;0;12;14;280;0;negative
1;1592;2875;3;4;8;9;85;13;13;0;13;4;120;0;negative
1;2475;13665;3;4;8;10;15;13;13;0;13;4;280;1;negative
2;4875;26335;6;5;1313;1313;0;12;13;0;12;4;0;0;negative
2;235;275;3;4;1313;1313;45;13;13;0;13;4;160;25;negative
2;1858;1029;3;4;1313;1313;415;13;13;0;13;4;80;0;negative
2;2775;129;3;4;16;10;25;13;13;0;12;14;140;0;negative
1;3175;3;6;5;22;22;0;13;13;0;13;4;160;20;negative
1;2483;45;3;4;7;9;1;13;13;0;12;4;360;6;negative
2;19;175;6;5;18;9;2335;13;13;0;12;4;112;6;negative
1;1633;21;3;4;11;9;125;13;13;0;13;4;200;1;negative
1;1858;10;3;4;15;9;415;13;13;0;13;4;80;42;negative
2;1625;0;6;5;11;9;25;13;13;0;13;4;60;0;negative
2;23;75;3;4;11;9;5;12;13;0;12;14;320;0;negative
2;2117;25;6;5;18;10;25;13;13;0;13;4;280;204;negative
2;175;22;l;44;1313;o;0;13;13;0;12;5;450;100000;positive
2;1917;0;6;5;11;22;0;13;13;0;12;14;500;1;positive
2;3675;125;6;5;18;9;15;13;13;0;12;4;232;113;positive
2;2125;15;3;4;7;9;15;13;13;0;13;4;150;8;positive
1;1808;375;l;44;17;1313;10;13;13;0;12;14;300;0;positive
1;3367;375;3;4;17;9;375;13;13;0;13;4;300;44;positive
2;4858;205;6;5;16;9;25;12;12;11;13;4;380;2732;positive
2;3367;125;3;4;7;9;1165;13;13;0;13;4;120;0;negative
1;295;1085;6;5;20;9;1;13;13;0;13;4;280;13;negative
2;3017;1085;6;5;18;9;4;13;13;0;13;4;170;179;negative
31;4083;35;3;4;23;22;5;13;13;0;13;14;1160;0;negative
2;3483;25;6;5;7;9;3;13;13;0;13;14;200;0;negative
2;31;4;6;5;23;9;85;13;13;0;12;4;411;0;negative
2;2042;0;31;31;31;31;0;13;13;0;13;5;31;0;negative
1;3325;25;6;5;18;9;25;13;13;0;12;4;0;2;negative
2;3408;25;3;4;18;9;1;13;13;0;13;4;460;16;negative
1;2525;125;3;4;15;9;1;13;13;0;12;4;180;1062;negative
2;3475;25;3;4;17;22;5;13;13;0;13;4;348;0;negative
2;2767;75;3;4;8;10;165;13;13;0;12;4;220;251;negative
2;4733;65;3;4;18;9;1;13;13;0;12;4;0;228;negative
1;3483;125;6;5;23;10;5;13;13;0;12;4;160;0;negative
1;3325;3;6;5;11;9;2;13;13;0;13;4;180;0;negative
2;28;3;3;4;7;9;75;13;13;0;12;4;300;67;negative
1;3908;4;3;4;18;9;3;13;13;0;13;4;480;0;negative
2;4275;4085;3;4;11;9;4;13;13;0;13;4;108;100;negative
2;2692;225;3;4;23;22;5;13;13;0;12;4;640;4000;negative
2;3375;275;3;4;23;22;0;13;13;0;13;4;180;0;negative
2;3892;175;3;4;16;9;5;13;13;0;12;4;300;2;negative
2;6275;7;3;4;24;21;0;13;13;0;13;4;0;12;negative
31;3225;15;3;4;18;9;25;13;13;0;12;4;372;122;negative
2;2675;45;6;5;18;22;25;13;13;0;13;4;200;1210;negative
2;6333;54;3;4;18;9;585;12;12;3;12;4;180;0;negative
2;2783;15;3;4;7;9;225;13;12;1;12;4;100;3;negative
1;2617;2;3;4;22;22;0;13;13;0;12;4;276;1;negative
2;2217;585;6;5;1313;1313;0;13;13;0;13;4;100;0;negative
2;225;115;6;5;11;9;15;13;13;0;12;4;0;4000;negative
2;3075;1585;3;4;15;9;585;13;13;0;12;14;0;0;negative
2;3667;2;3;4;23;9;25;13;13;0;12;4;221;0;negative
1;16;165;3;4;11;9;1;13;12;2;12;4;320;1;negative
2;4117;1335;3;4;15;9;165;13;13;0;13;4;168;0;negative
1;195;165;3;4;8;9;4;13;13;0;12;4;380;0;negative
2;3242;3;3;4;15;9;165;13;13;0;12;4;120;0;negative
1;3675;471;3;4;1313;1313;0;13;13;0;13;4;160;0;negative
1;3025;55;3;4;16;9;55;13;13;0;12;14;100;0;negative
2;2308;25;3;4;1313;1313;85;13;13;0;12;4;100;4208;negative
2;2683;54;3;4;16;1313;0;13;13;0;13;4;100;0;negative
2;1692;335;6;5;16;9;29;13;13;0;13;14;200;0;negative
2;2442;2;3;4;24;1515;165;13;12;2;13;4;320;1300;negative
2;4283;125;3;4;11;9;13875;13;12;1;12;4;352;112;negative
1;2275;6165;3;4;11;9;165;13;13;0;13;4;220;1000;negative
2;3942;171;6;5;11;9;165;13;13;0;13;14;400;0;negative
1;2358;115;6;5;16;10;3;13;13;0;12;4;20;16;negative
2;2142;75;6;5;19;n;75;13;13;0;12;4;132;2;negative
2;33;25;6;5;7;9;7;13;13;0;12;4;280;0;negative
2;2633;13;3;4;24;1515;0;13;13;0;12;4;140;1110;negative
1;45;4585;3;4;16;10;1;13;13;0;12;14;240;0;negative
2;2625;154;3;4;7;9;125;13;13;0;13;4;100;0;negative
31;2817;585;3;4;11;9;4;13;13;0;13;4;260;1004;negative
1;2083;5;6;5;24;1515;1;13;13;0;13;4;260;0;negative
2;2867;145;3;4;15;9;125;13;13;0;13;4;0;286;negative
2;2067;835;6;5;18;9;2;13;13;0;12;14;240;0;negative
2;3442;1335;3;4;23;22;125;13;13;0;12;4;440;4500;negative
2;3358;25;3;4;23;22;4;13;13;0;12;14;420;0;negative
2;4317;5;3;4;23;22;225;13;13;0;12;4;141;0;negative
1;2267;7;3;4;18;9;165;13;13;0;13;4;160;0;negative
1;2433;25;6;5;23;22;45;13;13;0;13;4;200;456;negative
1;5683;425;6;5;1313;1313;5;13;13;0;12;4;0;4;negative
2;2208;1146;3;4;16;9;1585;13;13;0;12;4;100;1212;negative
2;34;55;6;5;18;9;15;13;13;0;12;4;60;0;negative
2;2258;15;6;5;11;9;54;13;13;0;12;4;120;67;negative
2;2117;0;3;4;18;9;5;13;13;0;12;14;0;0;negative
2;2667;14585;3;4;23;22;0;13;13;0;12;4;178;0;negative
2;2292;17;3;4;11;9;85;13;13;0;13;14;0;0;negative
2;1517;7;3;4;24;9;1;13;13;0;13;4;600;0;negative
2;3992;5;3;4;23;22;21;13;13;0;13;4;550;0;negative
2;2742;125;3;4;11;22;25;13;13;0;12;4;720;0;negative
2;2475;54;3;4;11;9;1;13;13;0;12;4;120;1;negative
2;4117;125;6;5;7;9;25;13;13;0;13;4;0;195;negative
1;3308;1625;3;4;15;9;54;13;13;0;12;4;0;0;negative
2;2983;204;6;5;20;10;4;13;13;0;13;4;128;1;negative
1;2358;585;6;5;1313;1313;125;13;13;0;13;4;120;87;negative
2;2617;125;6;5;16;10;125;13;13;0;12;4;0;17;negative
2;31;2085;3;4;18;9;85;13;13;0;13;4;300;0;negative
2;2075;5085;6;5;22;9;29;13;13;0;13;4;140;184;negative
2;2892;375;3;4;18;9;29;13;13;0;13;4;220;140;negative
1;5192;65;3;4;23;22;3085;13;13;0;12;4;73;0;negative
1;2267;335;3;4;8;9;75;13;13;0;13;14;160;0;negative
2;34;5085;6;5;23;22;1085;13;13;0;12;4;480;0;negative
1;695;6;3;4;1313;1313;0;13;13;0;13;14;0;0;negative
1;4033;8125;6;5;16;9;165;13;12;2;13;4;31;18;negative
1;1958;665;6;5;18;9;1;13;12;1;13;4;2000;2;negative
2;16;3125;3;4;7;9;85;13;12;1;13;4;0;6;negative
2;1708;25;3;4;8;9;335;13;12;4;13;4;160;8;negative
2;3125;2835;3;4;1313;1313;0;13;12;5;13;4;176;146;negative
2;2517;3;3;4;18;9;125;13;12;1;13;4;0;22;negative
1;2267;79;3;4;23;9;85;13;13;0;13;4;144;0;negative
2;4058;15;3;4;23;22;0;13;13;0;13;14;300;0;negative
2;2225;46;3;4;16;9;125;13;13;0;12;4;280;55;negative
1;2225;125;6;5;1313;1313;325;13;13;0;13;4;280;0;negative
2;225;125;6;5;16;9;125;13;13;0;13;4;200;70;negative
2;2358;179;3;4;18;9;54;13;13;0;12;4;136;1;negative
2;3842;705;3;4;18;9;375;13;12;2;13;4;225;500;negative
1;2658;254;6;5;1313;1313;0;13;13;0;12;4;180;60;negative
2;35;25;3;4;23;9;1;13;13;0;12;4;210;0;negative
2;2042;1085;3;4;8;9;15;13;13;0;13;4;108;7;negative
2;2942;125;3;4;7;9;175;13;13;0;13;4;200;0;negative
2;2617;835;3;4;17;9;1165;13;13;0;13;4;100;0;negative
2;3367;2165;3;4;18;9;15;13;13;0;13;5;120;0;negative
2;2458;125;3;4;18;9;25;13;13;0;13;4;110;0;negative
1;2767;204;3;4;7;9;25;13;13;0;12;4;180;50;negative
2;375;835;3;4;24;9;4;13;13;0;13;4;120;5;negative
2;4917;229;3;4;1313;1313;29;13;13;0;13;4;200;3;negative
2;3358;335;6;5;17;9;85;13;13;0;13;4;180;0;negative
2;5183;3;6;5;1313;1313;15;13;13;0;13;4;180;4;negative
2;2292;3165;6;5;18;9;165;13;13;0;13;4;160;1058;negative
2;2183;154;3;4;16;9;85;13;13;0;12;4;356;0;negative
2;2525;1;3;4;11;9;5;13;13;0;13;4;200;0;negative
2;5858;271;3;4;18;9;2415;13;13;0;12;4;320;0;negative
2;19;0;6;5;1313;1313;0;13;12;4;13;4;45;1;negative
2;1958;585;3;4;1313;1313;0;13;12;3;13;4;350;769;negative
1;5333;165;3;4;1313;1313;0;13;13;0;12;14;62;27;negative
1;2717;125;3;4;1313;1313;0;13;12;1;13;4;92;300;negative
2;2592;875;3;4;16;9;375;13;12;2;12;4;174;3;negative
2;2308;0;3;4;16;9;1;13;12;11;13;14;0;0;negative
2;3958;5;3;4;1313;1313;0;13;12;2;13;4;17;1;negative
2;3058;271;6;5;11;9;125;13;13;0;12;14;80;0;negative
2;1725;3;3;4;16;9;4;13;13;0;12;4;160;40;negative
1;1767;0;6;5;22;1313;0;13;13;0;13;4;86;0;negative
1;31;1125;3;4;1313;1313;0;13;13;0;13;4;31;5200;negative
2;165;125;3;4;18;9;165;13;13;0;13;4;132;0;negative
1;2733;1665;3;4;1313;1313;0;13;13;0;13;4;340;1;negative
2;3125;1125;3;4;1313;1313;0;13;12;1;13;4;96;19;negative
2;20;7;3;4;18;9;5;13;13;0;13;4;0;0;negative
2;31;3;6;5;23;22;7;13;13;0;13;4;0;1;negative
2;395;1625;3;4;18;9;15;13;13;0;13;4;0;316;negative
2;365;425;3;4;8;9;35;13;13;0;13;4;454;50;negative
31;2975;665;3;4;7;9;25;13;13;0;12;4;300;0;negative
2;5242;15;3;4;15;9;375;13;13;0;12;4;0;350;negative
2;3617;18125;3;4;7;9;85;13;13;0;13;4;320;3552;negative
2;3458;0;31;31;31;31;0;13;13;0;13;5;31;0;negative
2;2967;75;6;5;18;9;4;13;13;0;13;4;240;0;negative
2;3617;55;3;4;23;22;5;13;13;0;13;4;210;687;negative
2;2567;29;6;5;18;9;15;13;13;0;12;4;160;0;negative
1;245;2415;6;5;18;9;0;13;13;0;13;4;120;0;negative
2;2408;875;3;4;11;9;85;13;12;4;13;4;254;1950;negative
2;2192;5;3;4;18;9;125;13;13;0;13;4;360;0;negative
1;3658;29;3;4;1313;1313;0;13;12;10;13;4;200;18;negative
1;23;1835;3;4;22;22;0;13;12;1;13;4;200;53;negative
1;2758;3;3;4;11;9;279;13;12;1;12;4;280;10;negative
2;3108;3085;3;4;18;9;25;13;12;2;12;4;160;41;negative
1;3042;1375;3;4;7;10;4;13;12;3;13;4;0;33;negative
2;2208;2335;3;4;16;9;75;13;13;0;13;4;180;0;negative
2;1633;4085;3;4;23;10;415;13;13;0;12;4;120;0;negative
1;2192;11665;3;4;16;10;85;13;13;0;13;4;320;5;negative
2;2108;4125;6;5;23;10;4;13;13;0;13;4;140;100;negative
2;1742;65;3;4;23;9;125;13;13;0;13;4;60;100;negative
2;1917;4;6;5;23;9;1;13;13;0;12;4;360;1000;negative
2;2067;415;3;4;18;9;125;13;13;0;13;4;0;44;negative
2;2675;2;3;4;15;9;75;13;13;0;12;4;80;0;negative
2;2358;835;3;4;23;10;85;13;13;0;12;4;220;5;negative
2;3917;25;6;5;23;10;10;13;13;0;12;14;200;0;negative
2;2275;115;3;4;23;9;415;13;13;0;13;4;0;0;negative
31;265;271;6;5;31;31;85;13;13;0;13;14;80;0;negative
1;1692;5;3;4;23;9;165;13;12;6;12;4;240;35;negative
2;235;3165;6;5;16;9;415;13;12;1;12;4;280;80;negative
1;1733;95;3;4;11;9;175;13;12;10;12;4;0;10;negative
2;2375;415;6;5;18;9;4;13;12;2;13;4;128;6;negative
2;3467;108;3;4;11;9;1165;13;13;0;13;14;28;0;negative
2;7483;19;6;5;1313;1313;4;13;12;2;13;4;0;351;negative
2;2817;125;6;5;16;9;85;13;13;0;13;4;216;2100;negative
2;245;13335;6;5;11;9;4;13;13;0;12;4;120;475;negative
2;1883;354;6;5;1313;1313;0;13;13;0;12;4;180;1;negative
31;4533;1;3;4;8;9;125;13;13;0;12;4;263;0;negative
1;4725;75;3;4;8;10;275;12;12;1;13;4;333;892;positive
2;2417;875;3;4;8;9;4625;12;12;2;12;4;520;2000;positive
2;3925;95;3;4;11;9;65;12;12;14;13;4;240;4607;positive
1;205;11835;3;4;18;10;6;12;13;0;13;4;340;0;positive
1;1883;4415;6;5;18;10;3;12;13;0;13;4;240;0;positive
2;1917;95;3;4;7;9;15;12;13;0;13;4;120;2206;positive
1;25;875;3;4;20;10;104;12;13;0;12;4;160;5860;positive
2;2017;925;3;4;18;9;1665;12;12;3;12;4;40;28;positive
2;2575;5;3;4;18;9;146;12;12;5;12;4;312;0;positive
2;2042;7;3;4;18;9;1625;12;12;3;13;4;200;1391;positive
2;31;4;3;4;20;9;5;12;12;3;12;4;290;2279;positive
2;39;5;3;4;17;9;35;12;12;10;12;4;0;0;positive
1;6408;165;3;4;1313;1313;0;12;12;1;13;4;232;100;positive
2;2825;5125;3;4;20;9;475;12;12;2;13;4;420;7;positive
1;2875;375;3;4;18;9;1085;12;12;1;12;4;371;0;positive
2;3133;195;3;4;18;9;7;12;12;16;13;4;0;5000;positive
1;1892;9;3;4;11;9;75;12;12;2;13;4;88;591;positive
1;2475;3;3;4;8;10;1835;12;12;19;13;4;0;500;positive
1;3067;12;3;4;18;9;2;12;12;1;13;4;220;19;positive
2;21;479;6;5;7;9;225;12;12;1;12;4;80;300;positive
2;1375;4;6;5;7;9;175;12;12;2;12;4;120;1000;positive
1;46;4;3;4;22;22;0;12;13;0;13;4;100;960;positive
1;4433;0;3;4;18;9;25;12;13;0;13;4;0;0;positive
2;2025;996;3;4;24;1515;0;12;13;0;13;4;0;0;positive
2;2267;254;6;5;18;10;2585;12;13;0;13;4;0;0;positive
2;31;105;3;4;20;9;65;12;13;0;13;4;0;0;positive
1;6092;5;3;4;11;9;4;12;12;4;13;4;0;99;positive
2;1608;75;3;4;18;9;175;12;12;5;12;4;352;690;positive
1;2817;375;3;4;8;9;585;12;12;4;13;4;80;0;positive
2;3917;171;3;4;20;9;125;12;12;5;12;4;480;0;positive
31;2042;75;3;4;16;9;15;12;12;1;13;4;160;234;positive
1;30;529;3;4;24;1515;225;12;12;5;12;4;99;500;positive
2;2283;3;3;4;11;9;129;12;12;1;13;4;260;800;positive
1;225;85;3;4;8;9;175;12;12;10;13;4;80;990;negative
1;2858;1665;3;4;8;9;2415;12;13;0;12;4;440;0;negative
2;4517;15;3;4;18;9;25;12;13;0;12;4;140;0;negative
2;4158;175;3;4;16;9;21;12;13;0;13;4;160;0;negative
1;5708;335;3;4;23;22;1;12;13;0;12;4;252;2197;negative
1;5575;708;3;4;16;10;675;12;12;3;12;4;100;50;negative
2;4325;2521;3;4;8;10;21;12;12;1;13;4;760;90;negative
1;2533;2085;3;4;18;10;275;12;13;0;12;4;360;1;negative
1;2458;67;3;4;11;10;175;12;13;0;13;4;400;0;negative
2;4317;225;3;4;23;22;75;12;13;0;13;4;560;0;negative
2;4092;835;3;4;1313;1313;0;12;13;0;13;4;130;1;negative
2;3183;25;3;4;11;9;75;12;13;0;12;4;523;0;negative
1;3392;1585;6;5;1313;1313;0;12;13;0;13;4;320;0;negative
1;2492;125;3;4;1313;1313;0;12;13;0;13;4;80;0;negative
2;3525;3165;3;4;20;10;375;12;13;0;12;4;680;0;negative
2;3425;175;3;4;7;22;25;12;13;0;12;4;163;0;negative
2;8025;55;3;4;31;31;54;12;13;0;13;4;0;340;negative
2;1942;15;6;5;17;9;2;12;13;0;12;4;100;20;negative
2;4275;3;3;4;23;22;1;12;13;0;13;4;0;200;negative
2;1967;10;6;5;16;10;835;12;13;0;12;4;140;0;negative
2;3633;379;3;4;7;9;1165;12;13;0;12;4;200;0;negative
2;3008;104;6;5;23;22;5;12;12;10;12;4;132;28;negative
2;4425;11;6;5;15;9;15;12;13;0;13;14;0;0;negative
2;2358;46;6;5;7;9;2625;12;12;6;12;4;208;347;negative
2;2392;15;3;4;15;10;1875;12;12;6;13;4;200;327;positive
2;3317;1;3;4;20;9;75;12;12;7;12;4;340;4071;positive
2;4833;12;3;4;11;9;16;12;13;0;13;14;110;0;positive
2;7675;2229;3;4;24;21;1275;12;12;1;12;4;0;109;positive
2;5133;10;3;4;23;22;0;12;12;11;13;4;0;1249;positive
2;3475;15;3;4;19;n;5375;12;12;9;12;4;0;134;positive
2;3858;3335;3;4;7;9;4;12;12;14;13;4;383;1344;positive
1;2242;1125;6;5;20;10;75;12;12;4;13;4;0;321;positive
2;4192;42;3;4;18;10;21;12;12;6;13;4;220;948;positive
2;2958;45;3;4;7;9;75;12;12;2;12;4;330;0;positive
1;3217;146;3;4;7;9;1085;12;12;16;13;4;120;2079;positive
2;5142;4;3;4;20;10;4;12;13;0;13;4;0;3000;positive
1;2283;229;3;4;8;10;229;12;12;7;12;4;140;2384;positive
1;25;1233;3;4;17;10;35;12;12;6;13;4;400;458;positive
2;2675;1125;3;4;20;10;125;12;13;0;13;4;0;5298;positive
2;2333;15;3;4;18;10;1415;12;13;0;13;4;422;200;positive
2;2442;12335;3;4;8;10;1585;12;13;0;12;4;120;0;positive
2;4217;504;3;4;8;10;1275;12;13;0;12;4;92;0;positive
1;2083;3;3;4;11;9;4;12;13;0;13;4;100;0;positive
2;2308;115;3;4;7;10;2125;12;12;11;12;4;290;284;positive
1;2517;2875;3;4;20;10;875;12;13;0;13;4;360;0;positive
2;4308;375;6;5;18;9;375;12;12;8;12;4;300;162;positive
1;3575;915;3;4;11;9;75;12;12;4;13;4;0;1583;positive
2;595;275;3;4;7;9;175;12;12;5;12;4;60;58;positive
2;21;3;6;5;15;9;1085;12;12;8;12;4;160;1;positive
2;2192;54;6;5;20;9;4;12;12;1;12;4;840;59;positive
1;6517;14;3;4;1313;1313;0;12;12;11;12;4;0;1400;positive
1;2033;10;3;4;18;10;1;12;12;4;13;4;50;1465;positive
2;3225;165;6;5;18;10;325;12;12;1;12;4;432;8000;positive
2;3017;5;3;4;18;9;175;12;12;11;13;4;32;540;positive
2;2517;6;3;4;18;9;1;12;12;3;13;4;0;0;positive
2;3917;1625;3;4;18;9;15;12;12;10;13;4;186;4700;positive
2;3908;6;3;4;11;9;129;12;12;5;12;4;108;1097;positive
2;3167;83;3;4;20;9;1335;12;12;8;12;4;303;3290;positive
2;41;4;3;4;24;9;4;13;12;1;13;14;560;0;positive
2;485;425;3;4;11;9;125;12;13;0;12;4;225;0;positive
2;3267;9;6;5;7;10;525;12;13;0;12;4;154;0;positive
1;2808;15;6;5;24;21;0;12;13;0;13;4;0;13212;positive
2;7342;1775;3;4;1313;1313;0;12;13;0;12;4;0;0;positive
2;6408;20;3;4;20;10;175;12;12;9;12;4;0;1000;positive
2;5158;15;3;4;18;9;85;12;12;9;13;4;0;0;positive
2;2667;175;6;5;18;9;1;12;12;5;12;4;160;5777;positive
2;2533;58;3;4;18;9;29;12;12;7;12;4;96;5124;positive
2;3017;65;3;4;17;9;3125;12;12;8;13;4;330;1200;positive
2;27;75;3;4;18;10;425;12;12;3;12;4;312;150;positive
2;2317;0;31;31;31;31;0;13;13;0;13;5;31;0;positive
2;3417;525;3;4;7;9;85;13;13;0;12;4;290;6;positive
2;3867;21;3;4;16;9;85;12;13;0;12;4;280;0;positive
2;2575;75;3;4;18;22;25;12;13;0;13;4;349;23;positive
1;4608;3;3;4;18;9;2375;12;12;8;12;4;396;4159;positive
1;215;6;3;4;11;9;25;12;12;3;13;4;80;918;positive
31;2008;125;3;4;8;9;1;13;12;1;13;4;240;768;positive
2;205;2415;3;4;18;9;2;12;12;11;12;4;200;3000;positive
1;295;46;3;4;16;9;54;12;12;4;13;4;380;500;positive
31;4225;175;6;5;31;31;0;13;13;0;12;4;150;1;negative
2;2983;125;6;5;16;9;25;13;13;0;13;4;224;0;negative
2;2008;25;3;4;8;9;125;13;13;0;13;4;200;0;negative
2;2342;585;3;4;18;10;85;12;13;0;13;4;180;0;negative
1;2958;175;6;5;16;9;125;13;13;0;12;4;280;0;negative
2;1617;4;3;4;18;9;4;13;13;0;13;4;0;0;positive
2;3233;35;3;4;16;9;5;13;13;0;12;4;232;0;negative
2;31;4;6;5;15;9;425;13;13;0;12;4;460;0;negative
2;4783;4165;3;4;20;22;85;13;13;0;12;4;520;0;negative
2;20;125;6;5;16;9;125;13;13;0;13;4;140;4;negative
2;2758;325;6;5;8;10;5085;13;12;2;12;4;369;1;negative
2;22;79;3;4;7;9;29;13;12;1;13;4;420;283;negative
2;1933;10915;3;4;18;22;585;13;12;2;12;4;200;7;negative
1;3833;4415;3;4;18;9;125;13;13;0;13;4;160;0;negative
2;2942;125;3;4;18;10;25;13;12;2;12;4;400;108;negative
2;2267;75;3;4;23;9;1585;13;12;1;12;4;400;9;negative
2;3225;14;6;5;1313;1313;0;13;12;2;13;4;160;1;negative
2;2958;475;3;4;11;9;2;13;12;1;12;4;460;68;negative
2;1842;10415;6;5;11;9;125;12;13;0;13;4;120;375;negative
2;2217;225;3;4;23;9;125;13;13;0;13;4;160;10;negative
2;2267;165;3;4;18;22;225;13;13;0;12;14;0;0;positive
1;2558;0;31;31;31;31;0;13;13;0;13;5;31;0;positive
2;1883;0;3;4;8;9;665;13;13;0;13;4;160;1;negative
2;2158;79;6;5;17;9;665;13;13;0;13;4;160;0;negative
2;2375;12;3;4;18;9;2085;13;13;0;13;14;80;0;negative
2;22;7835;6;5;23;22;165;13;13;0;12;4;31;0;negative
2;3608;254;3;4;1313;1313;0;13;13;0;13;4;0;1000;negative
2;2925;13;3;4;15;10;5;13;13;0;13;4;228;0;negative
1;1958;665;3;4;7;9;1665;13;13;0;13;4;220;5;negative
1;2292;125;3;4;8;9;25;13;13;0;12;4;120;809;negative
1;2725;29;3;4;11;10;125;13;12;1;12;4;272;108;negative
1;3875;15;3;4;1313;1313;0;13;13;0;13;4;76;0;negative
2;3242;2165;6;5;16;1313;0;13;13;0;13;4;120;0;negative
1;2375;71;3;4;7;9;25;13;12;1;12;4;240;4;negative
2;1817;246;3;4;18;n;96;13;12;2;12;4;160;587;negative
2;4092;5;6;5;11;9;5;13;13;0;12;4;130;0;negative
2;195;9585;3;4;11;9;79;13;13;0;13;4;80;350;negative
2;2858;3625;3;4;11;9;25;13;13;0;12;4;100;0;negative
2;3558;75;3;4;16;9;15;13;13;0;12;4;231;0;negative
2;3417;275;3;4;23;22;25;13;13;0;12;4;232;200;negative
31;3317;225;6;5;17;9;35;13;13;0;12;4;200;141;negative
2;3158;75;6;5;11;9;35;13;13;0;12;4;320;0;negative
1;525;7;3;4;11;10;3;13;13;0;13;4;0;0;negative
2;3617;42;6;5;7;9;29;13;13;0;12;4;309;2;negative
2;3733;2665;3;4;17;9;165;13;13;0;12;4;0;501;negative
1;2083;85;3;4;18;9;165;13;13;0;13;4;0;351;negative
2;2408;9;3;4;11;9;25;13;13;0;12;4;0;0;negative
2;2558;335;3;4;16;10;35;13;13;0;12;4;340;0;negative
1;3517;375;3;4;1313;1313;0;13;12;6;13;4;0;200;negative
2;4808;375;3;4;23;22;1;13;13;0;13;4;100;2;negative
1;1583;7625;3;4;8;9;125;13;12;1;12;4;0;160;negative
1;225;415;3;4;23;9;335;13;13;0;12;14;144;0;negative
2;215;115;3;4;23;9;5;12;13;0;12;4;100;68;negative
1;2358;83;3;4;8;9;415;13;12;1;12;4;200;11;negative
1;2108;5;6;5;1313;1313;0;13;13;0;13;4;0;0;negative
2;2567;325;3;4;18;10;229;13;12;1;12;4;416;21;negative
1;3892;1665;3;4;11;9;25;13;13;0;13;4;0;390;negative
1;1575;375;3;4;18;9;1;13;13;0;13;4;120;18;negative
1;2858;375;3;4;18;9;25;13;12;1;12;4;40;154;negative
2;2225;9;3;4;11;9;85;13;13;0;13;4;0;0;negative
2;2983;35;3;4;18;9;165;13;13;0;13;4;216;0;negative
1;235;15;3;4;7;9;875;13;13;0;12;4;160;0;negative
2;3208;4;6;5;17;9;15;13;13;0;12;4;120;0;negative
2;3108;15;6;5;7;9;4;13;13;0;13;14;160;0;negative
2;3183;4;6;5;11;9;4;13;13;0;13;4;0;0;negative
1;2175;1175;3;4;18;9;25;13;13;0;12;4;180;0;negative
1;1792;54;3;4;18;9;175;13;12;1;12;4;80;5;negative
2;3033;5;3;4;15;10;85;13;13;0;12;14;252;0;negative
2;5183;204;6;5;1313;1313;15;13;13;0;13;4;120;1;negative
2;4717;5835;3;4;7;9;55;13;13;0;13;4;465;150;negative
2;2583;12835;3;4;17;9;5;13;13;0;13;4;0;2;negative
1;5025;835;3;4;11;9;5;13;13;0;12;4;240;117;negative
31;295;2;6;5;24;10;2;13;13;0;13;4;256;17;negative
1;3733;25;3;4;23;10;21;13;13;0;13;4;260;246;negative
1;4158;104;3;4;11;9;665;13;13;0;13;4;240;237;negative
1;3058;10665;3;4;8;10;85;13;12;12;12;4;129;3;negative
2;1942;725;3;4;11;9;4;13;12;1;13;4;100;1;negative
1;1792;1021;3;4;1313;1313;0;13;13;0;13;4;0;50;negative
1;2008;125;3;4;18;9;0;13;13;0;13;4;0;0;negative
2;195;29;3;4;16;9;29;13;13;0;13;4;280;364;negative
2;2783;1;6;5;15;10;3;13;13;0;13;4;176;537;negative
2;1708;329;3;4;23;9;335;13;13;0;12;4;140;2;negative
2;3642;75;6;5;15;9;585;13;13;0;13;4;240;3;negative
2;4058;329;3;4;11;9;35;13;13;0;12;14;400;0;negative
2;2108;10085;6;5;24;10;125;13;13;0;13;4;260;0;negative
1;2267;75;3;4;18;9;2;13;12;2;12;4;200;394;negative
1;2525;135;6;5;1313;1313;2;13;12;1;12;4;200;1;negative
2;1792;205;3;4;11;9;4;13;13;0;13;4;280;750;negative
2;35;3375;3;4;18;10;829;13;13;0;12;4;0;0;negative
